seasonType,year,league,teamId,athleteId,appearances_value,subIns_value,foulsCommitted_value,foulsSuffered_value,yellowCards_value,redCards_value,ownGoals_value,goalAssists_value,offsides_value,shotsOnTarget_value,totalShots_value,totalGoals_value,shotsFaced_value,saves_value,goalsConceded_value,timestamp
13203,2025,COL.1,5485,24324,17,7,19,14,3,0,0,1,2,2,9,1,0,1,8,2025-05-27 04:49:00
13203,2025,COL.1,5489,28611,15,5,13,13,3,0,0,2,4,2,7,1,0,0,10,2025-05-27 04:48:59
13203,2025,COL.1,7915,31512,18,1,16,11,3,0,0,0,1,7,39,2,0,6,24,2025-05-27 04:49:03
13203,2025,COL.1,5489,41652,17,1,3,21,0,0,0,4,2,9,17,2,0,6,14,2025-05-27 04:48:59
13203,2025,COL.1,2672,48106,9,6,3,3,2,0,0,0,0,0,2,0,0,2,3,2025-05-27 04:48:59
13203,2025,COL.1,9762,54246,0,0,0,0,0,0,0,0,0,0,0,0,0,0,0,2025-05-27 04:49:04
13203,2025,COL.1,5488,66822,2,1,3,0,0,0,0,0,0,0,1,0,0,0,6,2025-05-27 04:49:02
13203,2025,COL.1,6137,70098,1,0,0,0,0,0,0,0,0,0,0,0,10,2,1,2025-05-27 04:48:59
13203,2025,COL.1,6137,70714,10,5,3,8,0,0,0,0,2,1,7,0,0,0,5,2025-05-27 04:48:59
13203,2025,COL.1,5264,70721,11,2,12,13,2,0,0,4,1,8,23,3,0,0,8,2025-05-27 04:48:58
13203,2025,COL.1,2919,70974,20,2,5,9,3,0,0,1,5,22,52,10,0,0,20,2025-05-27 04:49:03
13203,2025,COL.1,6137,73101,6,2,0,2,1,0,0,0,0,1,2,1,0,4,7,2025-05-27 04:48:59
13203,2025,COL.1,5485,75703,11,0,10,4,5,0,0,0,1,0,2,0,0,4,7,2025-05-27 04:49:00
13203,2025,COL.1,5486,76584,16,2,6,15,3,1,0,4,4,13,31,4,0,0,11,2025-05-27 04:49:00
13203,2025,COL.1,5488,77267,7,0,11,6,3,0,0,0,0,0,1,0,0,2,9,2025-05-27 04:49:02
13203,2025,COL.1,7915,77283,12,0,1,3,1,1,0,0,0,1,8,0,0,8,14,2025-05-27 04:49:03
13203,2025,COL.1,5484,87706,6,2,4,7,1,0,0,0,2,5,11,2,0,0,7,2025-05-27 04:49:03
13203,2025,COL.1,5480,92848,10,1,5,4,3,0,0,0,2,2,2,0,0,9,14,2025-05-27 04:48:58
13203,2025,COL.1,4815,98576,14,9,4,15,3,0,0,2,2,3,6,1,0,0,5,2025-05-27 04:48:57
13203,2025,COL.1,5489,98970,17,12,9,8,0,0,0,0,0,1,7,1,0,0,3,2025-05-27 04:48:59
13203,2025,COL.1,9762,104284,15,5,9,16,2,0,0,0,4,7,16,4,0,1,9,2025-05-27 04:49:04
13203,2025,COL.1,5484,106650,3,2,2,0,0,0,0,0,0,1,1,1,0,0,1,2025-05-27 04:49:03
13203,2025,COL.1,2919,106782,11,9,14,1,2,1,0,0,0,1,3,0,0,3,5,2025-05-27 04:49:03
13203,2025,COL.1,9761,109940,18,7,12,10,2,0,0,0,1,11,20,5,0,0,14,2025-05-27 04:48:57
13203,2025,COL.1,7445,111650,14,8,9,9,2,0,0,0,3,5,16,2,0,0,13,2025-05-27 04:49:02
13203,2025,COL.1,8109,113126,3,1,3,1,0,0,0,0,0,0,1,0,0,1,0,2025-05-27 04:48:57
13203,2025,COL.1,5481,115397,4,1,0,2,0,0,0,0,1,3,11,0,0,0,4,2025-05-27 04:49:01
13203,2025,COL.1,5484,115480,18,1,20,3,5,0,0,4,5,0,11,0,0,1,12,2025-05-27 04:49:03
13203,2025,COL.1,4928,115717,6,6,1,0,0,0,0,0,1,4,11,0,0,1,4,2025-05-27 04:49:01
13203,2025,COL.1,6137,117451,3,3,3,1,1,0,0,0,0,0,1,0,0,1,2,2025-05-27 04:48:59
13203,2025,COL.1,5485,120800,5,0,7,4,3,0,0,0,1,0,0,0,0,1,4,2025-05-27 04:49:00
13203,2025,COL.1,5484,121216,10,1,4,9,2,0,0,0,1,7,16,6,0,2,8,2025-05-27 04:49:03
13203,2025,COL.1,4815,121232,17,4,3,3,2,0,0,2,0,7,20,4,0,0,7,2025-05-27 04:48:57
13203,2025,COL.1,5484,121716,15,7,8,22,3,0,0,1,2,5,18,1,0,0,10,2025-05-27 04:49:03
13203,2025,COL.1,5264,121842,11,0,0,6,0,0,0,0,0,0,0,0,79,27,8,2025-05-27 04:48:58
13203,2025,COL.1,5489,123943,7,3,2,5,1,0,0,1,1,0,0,0,0,1,2,2025-05-27 04:48:59
13203,2025,COL.1,7915,126162,5,5,3,2,1,0,0,0,0,3,4,2,0,0,0,2025-05-27 04:49:03
13203,2025,COL.1,4815,128008,16,0,8,12,5,1,0,0,3,3,8,1,0,13,11,2025-05-27 04:48:57
13203,2025,COL.1,5481,128059,5,4,3,3,0,0,0,0,0,0,2,0,0,0,4,2025-05-27 04:49:01
13203,2025,COL.1,2690,128215,16,6,5,17,2,0,0,1,0,8,35,2,0,1,6,2025-05-27 04:49:01
13203,2025,COL.1,2672,129846,4,4,4,1,1,0,0,0,0,0,0,0,0,0,2,2025-05-27 04:48:59
13203,2025,COL.1,2919,131193,3,2,1,2,1,1,0,0,0,1,2,0,0,0,0,2025-05-27 04:49:03
13203,2025,COL.1,17374,131197,12,2,16,22,5,0,1,0,1,9,15,2,0,1,10,2025-05-27 04:49:04
13203,2025,COL.1,5488,131212,18,0,10,18,5,0,0,1,2,22,65,10,0,5,15,2025-05-27 04:49:02
13203,2025,COL.1,5484,131470,0,0,0,0,1,0,0,0,0,0,0,0,0,0,0,2025-05-27 04:49:03
13203,2025,COL.1,6137,132220,8,6,5,1,1,0,0,0,0,2,9,0,0,0,5,2025-05-27 04:48:59
13203,2025,COL.1,5486,132421,3,3,2,0,0,0,0,0,0,0,0,0,0,0,0,2025-05-27 04:49:00
13203,2025,COL.1,9761,132425,9,0,6,8,1,0,0,0,0,1,5,0,0,0,10,2025-05-27 04:48:57
13203,2025,COL.1,5486,132555,19,0,28,8,5,0,0,0,2,5,18,1,0,19,19,2025-05-27 04:49:00
13203,2025,COL.1,9762,132676,9,2,5,4,3,0,0,0,0,3,8,2,0,0,6,2025-05-07 04:50:15
13203,2025,COL.1,5264,133628,17,1,13,7,2,0,0,0,3,7,10,0,0,10,15,2025-05-27 04:48:58
13203,2025,COL.1,9761,133668,14,0,1,2,0,0,0,0,2,0,0,0,146,33,16,2025-05-27 04:48:57
13203,2025,COL.1,8109,136718,4,1,1,1,1,0,0,0,0,0,1,0,0,0,1,2025-05-27 04:48:57
13203,2025,COL.1,9762,136765,3,3,4,1,1,0,0,0,0,0,0,0,0,0,2,2025-05-27 04:49:04
13203,2025,COL.1,5264,137565,11,1,6,6,3,2,0,0,1,1,4,1,0,2,7,2025-05-27 04:48:58
13203,2025,COL.1,5488,138391,13,1,13,5,7,0,0,0,2,0,5,0,0,7,11,2025-05-27 04:49:02
13203,2025,COL.1,6137,139453,13,1,12,12,3,1,0,0,1,0,17,0,0,3,10,2025-05-27 04:48:59
13203,2025,COL.1,4815,142307,11,7,1,15,0,0,0,1,5,3,9,2,0,1,4,2025-05-27 04:48:57
13203,2025,COL.1,6137,143522,14,3,7,17,2,0,0,2,2,15,36,6,0,2,12,2025-05-27 04:48:59
13203,2025,COL.1,2672,144883,13,7,9,7,0,0,0,1,0,1,6,0,0,0,5,2025-05-27 04:48:59
13203,2025,COL.1,5485,145372,4,4,0,0,1,0,0,0,0,1,3,1,0,0,0,2025-05-27 04:49:00
13203,2025,COL.1,2672,147009,12,3,16,9,2,0,0,0,4,0,9,0,0,6,6,2025-05-27 04:48:59
13203,2025,COL.1,9762,147014,8,3,7,4,4,0,0,0,2,0,2,0,0,3,4,2025-05-27 04:49:04
13203,2025,COL.1,5488,148184,17,0,1,3,2,0,0,0,0,0,1,0,197,59,15,2025-05-27 04:49:02
13203,2025,COL.1,8109,148264,7,3,3,0,3,0,0,0,1,0,2,0,0,2,3,2025-05-27 04:48:57
13203,2025,COL.1,2690,148314,18,2,10,19,5,1,0,0,0,8,27,3,0,0,7,2025-05-27 04:49:01
13203,2025,COL.1,2690,149025,4,2,0,0,0,0,0,0,0,0,2,0,0,0,3,2025-05-27 04:49:01
13203,2025,COL.1,8109,149034,13,2,7,3,2,0,0,1,2,2,7,0,0,0,4,2025-05-27 04:48:57
13203,2025,COL.1,4815,151412,1,1,0,0,0,0,0,0,0,0,0,0,0,0,0,2025-05-27 04:48:57
13203,2025,COL.1,2672,151625,0,0,0,0,0,0,0,0,0,0,0,0,0,0,0,2025-05-27 04:48:59
13203,2025,COL.1,2690,153751,12,3,10,4,0,0,0,1,4,1,10,0,0,1,4,2025-05-27 04:49:01
13203,2025,COL.1,5486,155033,20,0,0,3,4,0,0,0,3,0,0,0,246,63,21,2025-05-27 04:49:00
13203,2025,COL.1,4815,155160,17,0,25,15,7,1,0,1,0,2,11,1,0,4,10,2025-05-27 04:48:57
13203,2025,COL.1,5485,156482,16,3,28,14,5,0,0,0,0,6,19,1,0,4,11,2025-05-27 04:49:00
13203,2025,COL.1,8109,157535,15,8,11,12,2,0,0,0,2,11,19,3,0,5,3,2025-05-27 04:48:57
13203,2025,COL.1,2672,157583,4,0,1,3,0,0,0,0,0,0,0,0,0,1,2,2025-05-27 04:48:59
13203,2025,COL.1,5484,162707,13,1,5,8,4,0,0,0,1,0,3,0,0,6,9,2025-05-27 04:49:03
13203,2025,COL.1,2919,162716,16,0,13,9,3,0,0,2,4,11,24,4,0,0,15,2025-05-27 04:49:03
13203,2025,COL.1,4815,164080,1,0,0,2,0,0,0,0,0,0,0,0,0,0,0,2025-05-27 04:48:57
13203,2025,COL.1,5480,164160,13,0,0,0,5,0,0,0,2,0,0,0,146,40,22,2025-05-27 04:48:58
13203,2025,COL.1,4928,165696,2,2,0,1,0,0,0,0,0,1,2,0,0,0,0,2025-05-27 04:49:01
13203,2025,COL.1,5480,165696,2,2,0,1,0,0,0,0,0,1,2,0,0,0,0,2025-05-24 04:54:41
13203,2025,COL.1,2690,165698,4,0,0,0,2,0,0,0,0,0,0,0,17,5,3,2025-05-27 04:49:01
13203,2025,COL.1,6137,165909,18,1,15,19,8,0,0,1,3,1,9,0,0,0,15,2025-05-27 04:48:59
13203,2025,COL.1,5484,166323,18,0,1,4,5,0,0,1,1,0,0,0,190,57,12,2025-05-27 04:49:03
13203,2025,COL.1,4928,170515,20,0,7,20,2,0,0,1,2,1,10,0,0,3,24,2025-05-27 04:49:01
13203,2025,COL.1,5489,170579,1,0,2,1,1,0,0,0,0,0,1,0,0,0,0,2025-05-27 04:48:59
13203,2025,COL.1,17374,171380,14,0,17,11,0,0,0,0,1,0,7,0,0,3,15,2025-05-27 04:49:04
13203,2025,COL.1,5488,171395,13,2,16,8,2,1,0,0,4,2,16,1,0,3,11,2025-05-27 04:49:02
13203,2025,COL.1,5486,171464,18,0,56,24,13,0,0,1,5,2,9,0,0,5,18,2025-05-27 04:49:00
13203,2025,COL.1,5264,171513,16,7,11,14,1,1,0,2,1,9,26,2,0,1,11,2025-05-27 04:48:58
13203,2025,COL.1,8109,171514,13,3,17,14,7,0,0,0,2,0,8,0,0,0,5,2025-05-27 04:48:57
13203,2025,COL.1,9762,172354,15,0,27,23,5,0,0,0,0,2,4,1,0,4,11,2025-05-27 04:49:04
13203,2025,COL.1,7915,172734,20,5,8,9,1,0,0,3,1,11,33,4,0,3,24,2025-05-27 04:49:03
13203,2025,COL.1,9761,172884,18,0,5,13,3,0,0,1,0,3,11,0,0,15,19,2025-05-27 04:48:57
13203,2025,COL.1,2690,172956,16,0,0,5,5,0,0,0,0,0,0,0,117,44,8,2025-05-27 04:49:01
13203,2025,COL.1,5486,173084,11,4,8,6,4,1,0,0,2,3,6,2,0,0,8,2025-05-27 04:49:00
13203,2025,COL.1,5484,176058,14,9,9,9,0,0,0,1,0,3,11,2,0,1,6,2025-05-27 04:49:03
13203,2025,COL.1,5480,176549,18,0,18,22,4,1,0,1,3,14,40,7,0,4,24,2025-05-27 04:48:58
13203,2025,COL.1,5489,176714,3,0,0,1,0,0,0,0,0,0,0,0,15,3,2,2025-05-27 04:48:59
13203,2025,COL.1,5488,177085,3,1,0,0,0,0,0,0,0,0,0,0,25,7,2,2025-05-27 04:49:02
13203,2025,COL.1,8109,177780,11,2,4,5,0,1,0,3,1,11,38,3,0,0,1,2025-05-27 04:48:57
13203,2025,COL.1,5489,178059,7,3,2,3,1,0,0,0,0,1,5,0,0,1,4,2025-05-27 04:48:59
13203,2025,COL.1,2919,178395,18,0,0,4,5,0,0,0,4,0,0,0,197,67,16,2025-05-27 04:49:03
13203,2025,COL.1,7445,178775,13,2,9,1,1,1,0,0,2,0,2,0,0,6,17,2025-05-27 04:49:02
13203,2025,COL.1,5485,178817,8,2,7,6,1,3,0,0,0,0,2,0,0,0,8,2025-05-27 04:49:00
13203,2025,COL.1,5485,180487,19,5,14,15,4,0,0,2,1,7,26,1,0,0,13,2025-05-27 04:49:00
13203,2025,COL.1,2919,180635,16,1,13,10,4,1,0,0,1,4,6,1,0,9,20,2025-05-27 04:49:03
13203,2025,COL.1,5485,181223,5,5,2,1,1,1,0,0,1,0,0,0,0,0,3,2025-05-27 04:49:00
13203,2025,COL.1,9761,181489,1,1,3,0,1,0,0,0,0,0,0,0,0,0,0,2025-03-10 04:45:28
13203,2025,COL.1,9762,181496,6,4,2,2,2,0,0,0,1,0,1,0,0,4,4,2025-05-27 04:49:04
13203,2025,COL.1,5480,181800,19,0,10,18,2,0,0,0,3,8,15,3,0,10,30,2025-05-27 04:48:58
13203,2025,COL.1,6137,181814,9,3,7,4,2,0,0,1,0,3,10,0,0,1,5,2025-05-27 04:48:59
13203,2025,COL.1,9761,182453,9,9,6,9,2,0,0,0,1,0,6,0,0,1,4,2025-05-27 04:48:57
13203,2025,COL.1,17374,182555,4,0,3,1,2,0,0,1,0,0,1,0,0,1,3,2025-05-27 04:49:04
13203,2025,COL.1,2919,183509,9,4,4,4,2,0,0,1,4,5,15,0,0,0,7,2025-05-27 04:49:03
13203,2025,COL.1,17374,185717,7,0,5,5,0,0,0,0,1,0,5,0,0,0,9,2025-05-27 04:49:04
13203,2025,COL.1,2919,185841,9,4,7,2,3,1,0,0,2,0,0,0,0,3,6,2025-05-27 04:49:03
13203,2025,COL.1,5264,186087,17,2,21,17,4,1,0,6,3,23,60,6,0,1,18,2025-05-27 04:48:58
13203,2025,COL.1,9761,186141,17,2,17,11,5,0,0,2,0,1,7,0,0,5,15,2025-05-27 04:48:57
13203,2025,COL.1,5488,186383,16,0,10,7,1,0,0,3,2,9,22,3,0,3,12,2025-05-27 04:49:02
13203,2025,COL.1,8109,187918,8,4,4,3,3,0,0,0,1,1,5,0,0,0,3,2025-05-27 04:48:57
13203,2025,COL.1,5488,188170,16,7,14,13,5,0,0,0,1,1,6,1,0,2,9,2025-05-27 04:49:02
13203,2025,COL.1,6137,189775,5,3,3,3,0,0,0,1,0,1,3,0,0,0,1,2025-05-27 04:48:59
13203,2025,COL.1,2919,190334,16,1,11,5,3,0,0,1,4,4,13,1,0,12,11,2025-05-27 04:49:03
13203,2025,COL.1,2672,191701,0,0,0,0,1,0,0,0,0,0,0,0,0,0,0,2025-05-27 04:48:59
13203,2025,COL.1,6137,192090,10,6,7,10,1,0,0,1,2,4,10,1,0,0,4,2025-05-27 04:48:59
13203,2025,COL.1,5481,192298,17,1,13,3,5,0,0,0,2,0,12,0,0,11,23,2025-05-27 04:49:01
13203,2025,COL.1,5488,192813,17,2,4,15,3,0,0,5,6,3,14,2,0,0,17,2025-05-27 04:49:02
13203,2025,COL.1,9761,193475,5,3,3,1,1,0,0,0,1,1,5,0,0,2,5,2025-05-27 04:48:57
13203,2025,COL.1,5486,194593,10,5,3,12,1,0,0,1,0,2,10,1,0,1,5,2025-05-27 04:49:00
13203,2025,COL.1,7915,194902,20,1,7,30,0,0,0,6,7,4,14,2,0,1,27,2025-05-27 04:49:03
13203,2025,COL.1,5485,195313,1,0,0,0,1,0,0,0,0,0,0,0,12,3,1,2025-05-27 04:49:00
13203,2025,COL.1,8109,195647,11,0,23,9,6,0,0,1,1,5,8,1,0,4,5,2025-05-27 04:48:57
13203,2025,COL.1,5488,195727,17,3,15,9,2,0,0,0,2,5,11,1,0,4,13,2025-05-27 04:49:02
13203,2025,COL.1,2672,195735,17,9,8,11,1,0,0,0,4,2,9,2,0,1,7,2025-05-27 04:48:59
13203,2025,COL.1,5488,195785,17,0,13,3,5,0,0,1,2,1,5,0,0,9,15,2025-05-27 04:49:02
13203,2025,COL.1,6137,196647,18,5,7,8,2,0,0,3,2,8,19,1,0,0,10,2025-05-27 04:48:59
13203,2025,COL.1,6137,196715,18,0,24,9,4,0,0,0,0,5,24,2,0,6,13,2025-05-27 04:48:59
13203,2025,COL.1,7445,196762,18,2,18,5,3,0,0,1,2,3,25,0,0,5,27,2025-05-27 04:49:02
13203,2025,COL.1,5480,196764,5,1,4,4,0,0,0,0,1,0,1,0,0,0,5,2025-05-27 04:48:58
13203,2025,COL.1,5488,196764,1,1,0,0,0,0,0,0,0,0,1,0,0,0,0,2025-04-14 05:09:07
13203,2025,COL.1,5264,196767,15,2,13,16,4,1,0,6,4,17,44,8,0,0,11,2025-05-27 04:48:58
13203,2025,COL.1,5484,197051,13,10,4,10,1,0,0,0,0,2,6,1,0,0,4,2025-05-27 04:49:03
13203,2025,COL.1,2672,197099,18,0,13,33,6,1,0,4,5,10,31,1,0,0,13,2025-05-27 04:48:59
13203,2025,COL.1,5480,197103,10,9,2,6,1,0,0,0,0,0,2,0,0,0,9,2025-05-27 04:48:58
13203,2025,COL.1,5481,197254,19,3,13,14,2,1,0,1,2,9,23,5,0,0,18,2025-05-27 04:49:01
13203,2025,COL.1,5489,197407,14,1,10,13,0,0,0,4,5,3,12,1,0,3,12,2025-05-27 04:48:59
13203,2025,COL.1,4815,197425,19,0,6,27,0,0,0,1,3,5,16,1,0,3,14,2025-05-27 04:48:57
13203,2025,COL.1,2690,197445,1,0,1,0,0,0,0,0,0,0,0,0,0,0,2,2025-05-27 04:49:01
13203,2025,COL.1,2672,197447,16,1,15,16,7,0,0,0,1,0,2,0,0,2,10,2025-05-27 04:48:59
13203,2025,COL.1,5485,197479,17,8,6,39,2,0,0,0,2,6,14,1,0,0,7,2025-05-27 04:49:00
13203,2025,COL.1,6137,197492,15,2,14,3,4,0,0,0,1,2,12,0,0,7,11,2025-05-27 04:48:59
13203,2025,COL.1,5480,197503,11,0,14,28,4,2,0,0,3,7,20,3,0,0,10,2025-05-27 04:48:58
13203,2025,COL.1,9761,197505,7,1,0,1,0,0,0,0,0,0,0,0,72,21,5,2025-05-27 04:48:57
13203,2025,COL.1,5264,197531,10,5,10,4,1,0,0,2,1,2,5,0,0,2,0,2025-05-27 04:48:58
13203,2025,COL.1,9762,197533,18,2,15,32,0,0,0,1,2,13,35,4,0,2,10,2025-05-27 04:49:04
13203,2025,COL.1,4815,197535,4,1,0,0,1,0,0,0,0,0,0,0,40,20,3,2025-05-27 04:48:57
13203,2025,COL.1,5484,197538,9,1,5,3,4,0,0,0,1,3,6,0,0,2,10,2025-05-27 04:49:03
13203,2025,COL.1,4928,197551,18,11,7,20,1,1,0,0,3,3,10,1,0,0,13,2025-05-27 04:49:01
13203,2025,COL.1,6137,197568,1,0,0,0,0,0,0,0,0,0,3,0,0,0,2,2025-02-26 05:42:35
13203,2025,COL.1,5488,197576,16,13,8,1,4,1,1,1,1,4,6,2,0,0,8,2025-05-27 04:49:02
13203,2025,COL.1,17374,197638,6,0,3,5,1,1,0,0,1,0,2,0,0,6,8,2025-05-27 04:49:04
13203,2025,COL.1,5486,197652,17,1,28,28,7,0,0,0,4,2,11,0,0,8,17,2025-05-27 04:49:00
13203,2025,COL.1,5489,198729,10,3,7,2,5,0,0,0,1,2,6,1,0,1,4,2025-05-27 04:48:59
13203,2025,COL.1,2919,199007,17,0,17,8,4,1,0,1,4,2,9,0,0,5,17,2025-05-27 04:49:03
13203,2025,COL.1,9761,199392,17,0,11,8,4,0,0,0,4,1,4,0,0,13,17,2025-05-27 04:48:57
13203,2025,COL.1,2690,199691,15,7,6,10,2,0,0,1,1,8,25,0,0,2,4,2025-05-27 04:49:01
13203,2025,COL.1,7445,200049,7,4,0,0,1,0,0,1,1,0,3,0,0,2,8,2025-05-27 04:49:02
13203,2025,COL.1,7915,200094,11,9,4,1,1,1,0,0,0,0,2,0,0,1,6,2025-05-27 04:49:03
13203,2025,COL.1,8109,200363,19,7,17,14,3,0,0,1,2,4,15,1,0,0,10,2025-05-27 04:48:57
13203,2025,COL.1,5481,200500,17,0,0,3,4,0,0,0,4,0,0,0,199,51,24,2025-05-27 04:49:01
13203,2025,COL.1,6137,201060,16,5,8,17,2,1,0,2,2,6,14,3,0,4,11,2025-05-27 04:48:59
13203,2025,COL.1,5488,201861,15,9,11,4,2,0,0,0,0,1,8,1,0,0,7,2025-05-27 04:49:02
13203,2025,COL.1,17374,202035,14,5,11,16,4,0,0,0,1,5,24,1,0,2,14,2025-05-27 04:49:04
13203,2025,COL.1,2672,202474,18,0,17,11,2,0,0,1,1,6,17,0,0,2,13,2025-05-27 04:48:59
13203,2025,COL.1,4815,203067,17,0,1,7,3,1,0,0,0,0,0,0,217,60,13,2025-05-27 04:48:57
13203,2025,COL.1,8109,203357,15,8,7,11,3,0,0,0,1,9,29,2,0,0,5,2025-05-27 04:48:57
13203,2025,COL.1,6137,203945,10,0,24,26,5,0,0,2,0,5,18,1,0,0,4,2025-05-27 04:48:59
13203,2025,COL.1,9762,205977,8,0,0,3,2,0,0,0,1,0,0,0,72,16,7,2025-05-27 04:49:04
13203,2025,COL.1,5480,206117,9,1,6,6,0,0,0,0,0,2,3,0,0,4,11,2025-05-27 04:48:58
13203,2025,COL.1,7915,206163,11,7,1,0,0,0,0,0,0,0,3,0,0,4,11,2025-05-27 04:49:03
13203,2025,COL.1,2690,206188,19,0,11,18,7,0,0,0,2,6,31,1,0,4,9,2025-05-27 04:49:01
13203,2025,COL.1,6137,206509,3,1,0,2,0,1,0,0,0,0,1,0,0,0,0,2025-05-27 04:48:59
13203,2025,COL.1,5486,206553,1,1,0,0,0,0,0,0,0,0,0,0,0,0,0,2025-05-27 04:49:00
13203,2025,COL.1,5484,206555,3,1,2,4,0,0,0,0,1,0,1,0,0,0,3,2025-05-27 04:49:03
13203,2025,COL.1,5484,206677,14,11,10,14,2,0,0,0,0,5,14,2,0,1,2,2025-05-27 04:49:03
13203,2025,COL.1,5484,208703,14,4,13,16,1,0,0,2,0,0,2,0,0,3,11,2025-05-27 04:49:03
13203,2025,COL.1,5488,212113,11,9,0,10,1,0,0,0,1,1,8,1,0,1,4,2025-05-27 04:49:02
13203,2025,COL.1,5485,212289,4,4,1,3,0,0,0,0,1,0,1,0,0,0,0,2025-05-27 04:49:00
13203,2025,COL.1,5485,212490,17,2,13,9,4,0,0,1,5,2,9,1,0,4,12,2025-05-27 04:49:00
13203,2025,COL.1,5486,212558,14,3,14,13,4,1,0,0,1,2,6,1,0,2,10,2025-05-27 04:49:00
13203,2025,COL.1,9762,214430,15,0,13,32,2,0,0,2,3,11,34,0,0,0,9,2025-05-27 04:49:04
13203,2025,COL.1,5489,215568,8,5,2,6,1,0,0,0,0,6,11,1,0,1,2,2025-05-27 04:48:59
13203,2025,COL.1,5485,215752,15,0,12,6,2,0,0,2,1,5,17,2,0,2,13,2025-05-27 04:49:00
13203,2025,COL.1,5264,215922,10,5,8,13,1,0,0,0,0,0,6,0,0,0,5,2025-05-27 04:48:58
13203,2025,COL.1,7915,215985,14,0,11,6,2,0,0,0,0,2,20,2,0,2,18,2025-05-27 04:49:03
13203,2025,COL.1,17374,215991,19,0,22,8,6,0,0,0,3,2,7,1,0,16,25,2025-05-27 04:49:04
13203,2025,COL.1,5485,216113,7,0,0,2,3,0,1,0,0,1,1,0,68,13,5,2025-05-27 04:49:00
13203,2025,COL.1,8109,216564,13,0,0,1,0,0,0,0,1,0,0,0,119,40,5,2025-05-27 04:48:57
13203,2025,COL.1,6137,216840,8,4,6,4,3,0,1,0,1,2,6,0,0,1,8,2025-05-27 04:48:59
13203,2025,COL.1,5484,216877,2,0,1,0,0,0,0,0,0,0,0,0,13,7,5,2025-05-27 04:49:03
13203,2025,COL.1,5264,217454,13,7,15,6,2,0,0,1,1,4,9,2,0,2,7,2025-05-27 04:48:58
13203,2025,COL.1,4928,218629,1,1,0,0,0,0,0,0,0,0,0,0,0,0,1,2025-05-27 04:49:01
13203,2025,COL.1,9762,220056,12,0,0,5,1,0,0,0,1,0,0,0,146,33,10,2025-05-27 04:49:04
13203,2025,COL.1,5264,220130,16,2,8,3,3,0,0,2,0,0,9,0,0,2,13,2025-05-27 04:48:58
13203,2025,COL.1,5489,223045,13,7,6,14,0,0,0,0,0,3,9,1,0,0,4,2025-05-27 04:48:59
13203,2025,COL.1,5486,224023,20,0,12,13,2,0,0,0,7,9,21,3,0,4,21,2025-05-27 04:49:00
13203,2025,COL.1,6137,224171,17,10,5,20,2,0,0,0,1,3,18,2,0,1,11,2025-05-27 04:48:59
13203,2025,COL.1,2690,224205,2,2,0,1,0,0,0,0,0,1,1,0,0,0,3,2025-05-27 04:49:01
13203,2025,COL.1,8109,226105,16,4,11,25,2,0,0,2,2,17,35,4,0,0,5,2025-05-27 04:48:57
13203,2025,COL.1,4928,227037,15,9,9,14,2,0,0,0,1,3,15,0,0,1,9,2025-05-27 04:49:01
13203,2025,COL.1,5488,228693,11,3,3,0,1,0,0,1,1,0,0,0,0,2,12,2025-05-27 04:49:02
13203,2025,COL.1,4928,229362,19,0,8,35,1,0,0,1,5,11,31,2,0,1,17,2025-05-27 04:49:01
13203,2025,COL.1,7445,230976,11,7,4,3,0,0,0,1,0,2,7,0,0,0,5,2025-05-27 04:49:02
13203,2025,COL.1,5485,233184,12,0,0,2,2,0,0,0,0,0,0,0,112,25,13,2025-05-27 04:49:00
13203,2025,COL.1,9762,233191,3,3,0,1,0,0,0,0,0,2,3,0,0,0,1,2025-05-27 04:49:04
13203,2025,COL.1,5489,233336,16,10,8,9,1,0,0,1,1,4,13,1,0,3,6,2025-05-27 04:48:59
13203,2025,COL.1,5489,233448,18,1,9,9,5,0,0,2,0,4,13,1,0,3,15,2025-05-27 04:48:59
13203,2025,COL.1,5488,233932,3,1,3,2,1,0,0,0,0,0,2,0,0,1,6,2025-05-27 04:49:02
13203,2025,COL.1,7445,234290,19,3,20,24,5,0,0,0,3,7,28,0,0,4,24,2025-05-27 04:49:02
13203,2025,COL.1,2919,234941,17,1,21,5,3,0,0,1,1,0,6,0,0,2,15,2025-05-27 04:49:03
13203,2025,COL.1,5484,235122,6,1,3,3,1,1,0,0,1,0,1,0,0,3,7,2025-05-27 04:49:03
13203,2025,COL.1,5488,235146,16,4,7,10,1,2,0,5,3,10,26,1,0,2,15,2025-05-27 04:49:02
13203,2025,COL.1,9762,236480,1,0,2,1,0,0,0,0,0,0,1,0,0,0,0,2025-05-27 04:49:04
13203,2025,COL.1,17374,238136,13,7,14,7,2,0,0,0,1,2,3,0,0,5,6,2025-05-27 04:49:04
13203,2025,COL.1,6137,238821,3,0,2,3,0,0,0,0,1,0,1,0,0,1,2,2025-05-27 04:48:59
13203,2025,COL.1,6137,239985,19,0,0,2,0,0,0,0,0,0,0,0,152,45,17,2025-05-27 04:48:59
13203,2025,COL.1,2690,241474,17,1,8,9,7,1,0,1,4,4,22,0,0,4,6,2025-05-27 04:49:01
13203,2025,COL.1,9761,246817,15,0,16,8,3,0,0,3,2,6,22,1,0,6,11,2025-05-27 04:48:57
13203,2025,COL.1,6137,248686,16,0,35,9,6,0,1,1,1,3,7,0,0,5,10,2025-05-27 04:48:59
13203,2025,COL.1,5481,250813,8,8,5,4,1,0,0,0,0,0,3,0,0,0,6,2025-05-27 04:49:01
13203,2025,COL.1,2690,251881,16,0,12,8,4,0,0,0,2,3,10,3,0,4,6,2025-05-27 04:49:01
13203,2025,COL.1,5264,251982,11,4,15,17,1,0,0,0,0,3,21,2,0,1,4,2025-05-27 04:48:58
13203,2025,COL.1,5489,252018,10,1,7,8,3,0,1,0,0,1,5,0,0,9,7,2025-05-27 04:48:59
13203,2025,COL.1,2919,252022,3,1,4,5,1,0,0,0,0,1,3,0,0,3,6,2025-05-27 04:49:03
13203,2025,COL.1,7445,252041,16,0,0,5,2,0,0,0,3,0,0,0,140,44,28,2025-05-27 04:49:02
13203,2025,COL.1,5264,252488,14,1,6,3,1,0,0,0,3,5,18,2,0,0,14,2025-05-27 04:48:58
13203,2025,COL.1,9762,252496,1,1,0,0,0,0,0,0,0,0,0,0,0,0,0,2025-05-27 04:49:04
13203,2025,COL.1,2672,252497,20,1,13,14,1,0,0,0,2,6,10,1,0,3,15,2025-05-27 04:48:59
13203,2025,COL.1,9762,252588,14,2,26,15,6,1,0,0,1,1,4,0,0,6,9,2025-05-27 04:49:04
13203,2025,COL.1,5489,252591,10,4,1,6,1,0,1,0,0,2,5,1,0,1,7,2025-05-27 04:48:59
13203,2025,COL.1,9762,252624,17,0,9,4,1,1,0,0,1,4,10,0,0,14,13,2025-05-27 04:49:04
13203,2025,COL.1,8109,253561,6,0,4,2,1,0,0,0,0,0,2,0,0,4,6,2025-05-27 04:48:57
13203,2025,COL.1,7915,253710,2,0,0,1,0,0,0,0,0,0,0,0,18,2,3,2025-05-07 04:50:14
13203,2025,COL.1,5489,254009,17,0,0,3,2,0,0,0,1,0,0,0,172,40,15,2025-05-27 04:48:59
13203,2025,COL.1,2672,254142,11,5,8,4,5,0,0,0,0,0,2,0,0,7,5,2025-05-27 04:48:59
13203,2025,COL.1,8109,254236,8,1,5,4,1,0,0,1,0,2,5,1,0,0,5,2025-05-27 04:48:57
13203,2025,COL.1,8109,254278,7,3,2,1,0,0,0,0,0,0,1,0,0,1,5,2025-05-27 04:48:57
13203,2025,COL.1,17374,255379,17,4,15,20,4,1,0,0,3,2,7,0,0,1,20,2025-05-27 04:49:04
13203,2025,COL.1,4928,255932,18,7,17,7,2,0,0,1,3,8,19,2,0,2,10,2025-05-27 04:49:01
13203,2025,COL.1,9762,256877,15,2,20,25,5,0,0,0,6,5,25,1,0,2,12,2025-05-27 04:49:04
13203,2025,COL.1,8109,256903,14,1,19,5,5,0,0,0,2,2,6,2,0,10,6,2025-05-27 04:48:57
13203,2025,COL.1,5484,258526,13,2,14,4,5,2,0,0,0,4,12,1,0,0,15,2025-05-27 04:49:03
13203,2025,COL.1,5484,258803,8,5,2,5,0,0,0,0,1,3,10,2,0,1,3,2025-05-27 04:49:03
13203,2025,COL.1,2690,259658,0,0,0,0,0,0,0,0,0,0,0,0,0,0,0,2025-05-27 04:49:01
13203,2025,COL.1,8109,259968,15,4,7,11,0,0,0,2,3,9,28,7,0,1,6,2025-05-27 04:48:57
13203,2025,COL.1,2919,260556,9,3,5,6,1,1,0,0,1,0,0,0,0,6,6,2025-05-27 04:49:03
13203,2025,COL.1,4815,260666,16,6,10,10,2,0,0,0,2,11,22,4,0,2,6,2025-05-27 04:48:57
13203,2025,COL.1,4928,264162,12,1,10,3,4,0,0,1,0,0,5,0,0,2,9,2025-05-27 04:49:01
13203,2025,COL.1,5489,264205,1,1,0,0,0,0,0,0,0,0,0,0,0,0,1,2025-05-27 04:48:59
13203,2025,COL.1,4815,266037,3,2,1,4,0,0,0,0,0,1,1,0,0,0,2,2025-05-27 04:48:57
13203,2025,COL.1,2690,266325,11,1,5,3,3,0,0,0,0,0,2,0,0,7,5,2025-05-27 04:49:01
13203,2025,COL.1,4815,266579,11,6,4,6,1,0,0,1,1,0,4,0,0,0,5,2025-05-27 04:48:57
13203,2025,COL.1,4815,266584,14,8,12,2,2,0,0,0,0,2,6,2,0,7,6,2025-05-27 04:48:57
13203,2025,COL.1,7445,266589,14,0,7,7,1,1,0,0,0,3,11,0,0,5,19,2025-05-27 04:49:02
13203,2025,COL.1,5489,267138,1,1,0,0,0,0,0,0,0,0,0,0,0,0,1,2025-05-27 04:48:59
13203,2025,COL.1,2690,267611,19,5,13,9,1,0,0,1,2,5,20,0,0,0,7,2025-05-27 04:49:01
13203,2025,COL.1,8109,267706,14,3,12,20,1,1,0,2,3,5,21,1,0,1,9,2025-05-27 04:48:57
13203,2025,COL.1,2919,268187,15,0,14,18,2,0,0,1,3,3,13,0,0,1,14,2025-05-27 04:49:03
13203,2025,COL.1,5264,268476,15,6,18,16,5,0,0,2,0,13,24,6,0,1,9,2025-05-27 04:48:58
13203,2025,COL.1,5488,270219,7,5,3,2,3,0,0,0,1,2,5,1,0,0,9,2025-05-27 04:49:02
13203,2025,COL.1,5264,270221,14,1,23,13,5,1,0,0,0,0,1,0,0,4,12,2025-05-27 04:48:58
13203,2025,COL.1,9762,270222,0,0,0,0,0,0,0,0,0,0,0,0,0,0,0,2025-05-27 04:49:04
13203,2025,COL.1,5489,270234,11,1,9,8,1,0,0,0,0,1,3,0,0,5,6,2025-05-27 04:48:59
13203,2025,COL.1,5485,270241,17,1,30,24,8,1,0,1,2,3,12,0,0,4,16,2025-05-27 04:49:00
13203,2025,COL.1,5264,270242,8,2,5,4,2,0,0,0,0,1,4,0,0,3,9,2025-05-27 04:48:58
13203,2025,COL.1,7445,270243,17,7,18,17,4,0,0,1,2,4,16,0,0,0,15,2025-05-27 04:49:02
13203,2025,COL.1,5264,270247,10,3,2,6,0,0,0,0,0,1,1,0,0,0,6,2025-05-27 04:48:58
13203,2025,COL.1,5484,270253,9,4,10,6,3,0,0,3,0,0,3,0,0,0,4,2025-05-27 04:49:03
13203,2025,COL.1,5489,270502,17,8,22,7,3,0,0,0,1,2,5,0,0,5,7,2025-05-27 04:48:59
13203,2025,COL.1,9762,270510,20,7,10,24,4,0,0,3,4,10,22,2,0,2,12,2025-05-27 04:49:04
13203,2025,COL.1,9761,270628,3,0,4,0,0,0,0,1,0,0,1,0,0,0,2,2025-05-27 04:48:57
13203,2025,COL.1,7915,270823,0,0,0,0,0,0,0,0,0,0,0,0,0,0,0,2025-05-27 04:49:03
13203,2025,COL.1,5480,271019,0,0,0,0,0,0,0,0,0,0,0,0,0,0,0,2025-05-27 04:48:58
13203,2025,COL.1,17374,271556,10,6,4,3,1,0,0,0,1,6,14,0,0,0,6,2025-05-27 04:49:04
13203,2025,COL.1,17374,271710,3,0,0,1,0,0,0,0,0,0,0,0,25,10,6,2025-05-27 04:49:04
13203,2025,COL.1,7445,271820,7,5,0,1,0,0,0,0,0,0,2,0,0,0,7,2025-05-27 04:49:02
13203,2025,COL.1,4815,272523,12,2,11,3,4,0,0,0,1,3,7,0,0,3,8,2025-05-27 04:48:57
13203,2025,COL.1,9761,272557,19,2,20,18,4,0,0,1,3,6,24,2,0,1,15,2025-05-27 04:48:57
13203,2025,COL.1,5486,272564,7,2,4,14,1,0,0,0,1,2,14,0,0,2,4,2025-05-27 04:49:00
13203,2025,COL.1,6137,272875,15,0,17,13,5,0,0,0,3,4,9,1,0,0,11,2025-05-27 04:48:59
13203,2025,COL.1,2672,273390,12,4,19,21,6,0,0,0,0,0,4,0,0,5,8,2025-05-27 04:48:59
13203,2025,COL.1,5486,276181,3,1,7,1,2,0,0,1,0,1,2,0,0,0,0,2025-05-27 04:49:00
13203,2025,COL.1,5481,276183,18,1,21,9,5,0,0,1,2,6,17,2,0,2,19,2025-05-27 04:49:01
13203,2025,COL.1,9761,276184,17,1,19,15,0,0,0,0,3,3,15,0,0,5,17,2025-05-27 04:48:57
13203,2025,COL.1,5480,276382,7,0,0,0,2,1,0,0,1,0,0,0,82,21,9,2025-05-27 04:48:58
13203,2025,COL.1,6137,276994,18,10,16,12,1,0,0,0,2,4,10,0,0,3,5,2025-05-27 04:48:59
13203,2025,COL.1,2672,277093,18,1,26,57,5,0,0,1,6,10,21,3,0,3,12,2025-05-27 04:48:59
13203,2025,COL.1,2919,279930,16,0,29,25,6,0,0,0,2,8,18,1,0,1,15,2025-05-27 04:49:03
13203,2025,COL.1,4815,280961,15,5,5,7,2,1,0,3,0,9,28,4,0,1,7,2025-05-27 04:48:57
13203,2025,COL.1,5489,281017,15,2,13,21,5,0,0,1,1,6,22,2,0,0,11,2025-05-27 04:48:59
13203,2025,COL.1,5485,282477,15,10,5,9,1,0,0,0,0,2,14,1,0,1,5,2025-05-27 04:49:00
13203,2025,COL.1,5480,283052,13,3,4,15,2,0,0,1,1,5,21,0,0,1,12,2025-05-27 04:48:58
13203,2025,COL.1,4928,283053,4,3,1,1,0,0,0,0,0,0,3,0,0,0,3,2025-05-27 04:49:01
13203,2025,COL.1,5488,285041,7,6,4,6,1,0,0,0,0,1,2,0,0,2,2,2025-05-27 04:49:02
13203,2025,COL.1,5484,285045,7,5,4,3,0,0,0,0,0,1,1,0,0,0,3,2025-05-27 04:49:03
13203,2025,COL.1,2672,285047,2,2,1,2,0,0,0,0,0,0,0,0,0,0,0,2025-05-27 04:48:59
13203,2025,COL.1,7445,285049,8,1,6,2,3,0,0,1,0,1,6,1,0,0,7,2025-05-27 04:49:02
13203,2025,COL.1,9761,285052,7,6,7,3,2,1,0,0,0,1,3,1,0,0,5,2025-05-27 04:48:57
13203,2025,COL.1,17374,285193,13,0,20,9,3,0,0,1,0,2,6,1,0,3,14,2025-05-27 04:49:04
13203,2025,COL.1,2690,285196,12,5,9,12,1,0,0,0,0,2,6,1,0,1,2,2025-05-27 04:49:01
13203,2025,COL.1,5264,285203,14,2,7,25,0,0,0,2,1,8,24,3,0,2,10,2025-05-27 04:48:58
13203,2025,COL.1,17374,285217,17,8,27,22,4,0,0,1,4,11,39,1,0,1,15,2025-05-27 04:49:04
13203,2025,COL.1,7915,285286,7,1,7,3,1,0,0,0,0,1,2,0,0,1,10,2025-05-27 04:49:03
13203,2025,COL.1,4815,285357,19,16,8,10,0,0,0,0,1,8,21,4,0,1,4,2025-05-27 04:48:57
13203,2025,COL.1,4928,285359,11,1,5,5,1,0,0,0,3,0,6,0,0,9,15,2025-05-27 04:49:01
13203,2025,COL.1,5485,285360,10,3,6,3,3,0,0,0,0,3,7,1,0,4,11,2025-05-27 04:49:00
13203,2025,COL.1,5489,285380,18,3,16,29,2,0,0,2,4,24,42,8,0,1,13,2025-05-27 04:48:59
13203,2025,COL.1,5488,285957,15,2,28,5,5,1,0,1,0,1,4,1,0,4,9,2025-05-27 04:49:02
13203,2025,COL.1,2919,286171,10,7,12,1,3,0,0,0,0,0,0,0,0,1,3,2025-05-27 04:49:03
13203,2025,COL.1,2690,286432,17,1,18,24,5,1,0,2,1,11,33,5,0,0,7,2025-05-27 04:49:01
13203,2025,COL.1,5489,286713,15,3,18,16,2,1,0,1,0,6,18,5,0,1,10,2025-05-27 04:48:59
13203,2025,COL.1,4815,286714,18,8,8,21,2,0,0,2,1,3,13,1,0,0,10,2025-05-27 04:48:57
13203,2025,COL.1,2919,286864,16,0,16,12,4,0,0,2,0,0,4,0,0,3,16,2025-05-27 04:49:03
13203,2025,COL.1,9762,287068,8,7,4,1,2,0,0,0,0,0,0,0,0,0,1,2025-05-27 04:49:04
13203,2025,COL.1,9762,287220,20,0,17,6,4,0,2,0,1,4,7,0,0,14,17,2025-05-27 04:49:04
13203,2025,COL.1,5485,287367,2,2,1,2,0,0,0,0,0,0,0,0,0,0,1,2025-05-27 04:49:00
13203,2025,COL.1,17374,287396,5,2,4,0,1,0,0,0,0,0,1,0,0,3,2,2025-05-27 04:49:04
13203,2025,COL.1,2672,287397,15,3,21,12,7,0,0,0,1,3,11,1,0,2,10,2025-05-27 04:48:59
13203,2025,COL.1,2690,287400,20,11,15,13,4,0,0,0,2,0,1,0,0,0,7,2025-05-27 04:49:01
13203,2025,COL.1,5485,287648,18,2,12,39,1,0,0,4,5,7,19,4,0,0,11,2025-05-27 04:49:00
13203,2025,COL.1,2919,287667,1,0,0,0,0,0,0,0,0,0,0,0,0,0,2,2025-05-27 04:49:03
13203,2025,COL.1,7445,287828,4,0,0,1,0,0,0,0,1,0,0,0,35,8,7,2025-05-27 04:49:02
13203,2025,COL.1,5264,287997,11,6,15,3,3,1,0,1,1,2,13,1,0,0,10,2025-05-27 04:48:58
13203,2025,COL.1,5484,287998,15,0,7,7,2,0,0,0,0,2,8,1,0,12,10,2025-05-27 04:49:03
13203,2025,COL.1,7915,288605,8,2,5,4,3,0,0,0,0,0,8,0,0,0,8,2025-05-27 04:49:03
13203,2025,COL.1,5480,290095,3,1,4,4,1,0,0,0,0,3,4,0,0,0,5,2025-05-27 04:48:58
13203,2025,COL.1,6137,290096,2,0,3,2,0,0,0,0,0,1,5,0,0,0,3,2025-05-27 04:48:59
13203,2025,COL.1,7915,290442,11,6,11,22,2,0,0,0,2,1,11,0,0,2,6,2025-05-27 04:49:03
13203,2025,COL.1,5480,290847,14,0,10,5,5,0,0,0,3,1,5,0,0,7,19,2025-05-27 04:48:58
13203,2025,COL.1,5480,290977,16,16,14,5,4,0,0,1,1,1,7,0,0,1,6,2025-05-27 04:48:58
13203,2025,COL.1,5480,291027,11,1,10,5,3,1,0,0,2,1,2,0,0,2,10,2025-05-27 04:48:58
13203,2025,COL.1,2919,294066,14,8,10,17,3,0,0,0,0,3,7,1,0,0,4,2025-05-27 04:49:03
13203,2025,COL.1,9761,296556,13,4,6,23,4,0,0,1,1,7,17,1,0,1,5,2025-05-27 04:48:57
13203,2025,COL.1,5481,298859,19,4,18,10,5,0,0,0,4,1,7,0,0,3,21,2025-05-27 04:49:01
13203,2025,COL.1,9761,301336,15,5,17,11,2,1,0,0,1,4,9,0,0,3,9,2025-05-27 04:48:57
13203,2025,COL.1,7915,301459,18,3,14,19,5,0,0,1,0,1,4,1,0,4,16,2025-05-27 04:49:03
13203,2025,COL.1,8109,301460,4,4,1,0,0,0,0,0,0,0,1,0,0,0,0,2025-05-27 04:48:57
13203,2025,COL.1,5264,301464,7,1,0,0,1,0,1,0,1,1,2,0,54,19,9,2025-05-27 04:48:58
13203,2025,COL.1,7445,301466,6,6,1,3,0,0,0,0,0,1,2,0,0,0,2,2025-05-27 04:49:02
13203,2025,COL.1,5489,301468,13,6,9,13,1,0,0,0,1,7,11,4,0,1,4,2025-05-27 04:48:59
13203,2025,COL.1,9762,301566,3,1,1,1,0,0,0,0,2,0,0,0,0,0,2,2025-05-27 04:49:04
13203,2025,COL.1,17374,301571,14,1,13,5,5,0,0,0,0,3,8,1,0,5,17,2025-05-27 04:49:04
13203,2025,COL.1,2690,301576,14,2,6,9,2,1,0,2,0,1,1,0,0,0,7,2025-05-27 04:49:01
13203,2025,COL.1,5480,301578,19,7,12,30,5,0,0,3,1,5,15,0,0,0,20,2025-05-27 04:48:58
13203,2025,COL.1,5484,301581,5,0,12,3,1,0,0,1,1,0,5,0,0,0,6,2025-05-27 04:49:03
13203,2025,COL.1,5486,301722,15,3,12,12,0,1,0,0,0,2,6,0,0,3,15,2025-05-27 04:49:00
13203,2025,COL.1,7445,301727,15,0,29,32,7,1,0,0,3,1,11,1,0,4,22,2025-05-27 04:49:02
13203,2025,COL.1,9762,301941,16,6,13,4,6,0,0,0,0,3,17,1,0,1,7,2025-05-27 04:49:04
13203,2025,COL.1,5480,302117,15,8,6,15,1,0,0,0,1,3,9,0,0,0,9,2025-05-27 04:48:58
13203,2025,COL.1,2690,302153,8,7,1,0,0,0,0,0,1,0,0,0,0,1,2,2025-05-27 04:49:01
13203,2025,COL.1,2919,302154,2,0,0,0,0,0,0,0,0,0,0,0,14,2,6,2025-05-27 04:49:03
13203,2025,COL.1,5488,302914,12,7,5,2,1,0,0,0,3,2,3,2,0,5,6,2025-05-27 04:49:02
13203,2025,COL.1,5485,303321,18,9,10,12,0,0,0,0,1,6,23,0,0,0,11,2025-05-27 04:49:00
13203,2025,COL.1,6137,305512,15,7,6,17,1,0,0,2,1,10,18,5,0,0,5,2025-05-27 04:48:59
13203,2025,COL.1,5480,307214,10,0,7,17,1,0,0,0,1,0,2,0,0,2,16,2025-05-27 04:48:58
13203,2025,COL.1,5488,307216,10,3,22,8,10,0,0,0,1,0,6,0,0,2,5,2025-05-27 04:49:02
13203,2025,COL.1,4928,307608,2,1,3,2,0,0,0,0,0,0,0,0,0,2,3,2025-05-27 04:49:01
13203,2025,COL.1,5480,307656,8,0,6,4,3,0,0,0,2,0,1,0,0,7,13,2025-05-27 04:48:58
13203,2025,COL.1,7445,307758,9,0,2,8,1,0,0,1,0,0,2,0,0,3,19,2025-05-27 04:49:02
13203,2025,COL.1,5488,307804,5,0,5,1,1,0,0,0,0,1,2,0,0,2,9,2025-05-27 04:49:02
13203,2025,COL.1,7445,308049,12,3,9,3,2,0,0,1,2,8,24,2,0,0,12,2025-05-27 04:49:02
13203,2025,COL.1,9761,309053,10,4,4,3,0,0,0,0,1,2,12,2,0,0,4,2025-05-27 04:48:57
13203,2025,COL.1,4928,312138,11,1,13,3,4,1,0,0,0,0,0,0,0,5,16,2025-05-27 04:49:01
13203,2025,COL.1,4815,312608,12,1,8,3,4,0,0,0,0,2,4,0,0,7,10,2025-05-27 04:48:57
13203,2025,COL.1,2672,312614,20,0,0,4,0,0,0,0,0,0,0,0,232,58,17,2025-05-27 04:48:59
13203,2025,COL.1,9761,312615,16,3,10,6,1,0,0,0,2,3,12,1,0,3,16,2025-05-27 04:48:57
13203,2025,COL.1,9761,312619,11,8,9,8,3,0,0,0,0,2,9,1,0,2,3,2025-05-27 04:48:57
13203,2025,COL.1,5484,312620,18,3,2,19,2,0,0,3,3,16,49,3,0,0,13,2025-05-27 04:49:03
13203,2025,COL.1,2672,312752,11,5,1,3,0,0,0,0,0,2,8,0,0,0,5,2025-05-27 04:48:59
13203,2025,COL.1,2919,312812,13,11,1,11,0,0,0,2,2,2,12,0,0,0,7,2025-05-27 04:49:03
13203,2025,COL.1,7915,312813,5,2,5,1,0,0,0,0,0,0,0,0,0,1,2,2025-05-27 04:49:03
13203,2025,COL.1,2690,313724,14,5,16,11,6,1,0,2,1,12,37,1,0,0,2,2025-05-27 04:49:01
13203,2025,COL.1,5481,315575,16,3,15,2,7,0,0,0,1,0,5,0,0,5,24,2025-05-27 04:49:01
13203,2025,COL.1,5264,315576,3,0,1,2,0,1,0,0,0,0,0,0,45,7,3,2025-05-27 04:48:58
13203,2025,COL.1,5488,315577,13,6,6,14,0,0,0,1,1,5,7,0,0,0,6,2025-05-27 04:49:02
13203,2025,COL.1,4815,315607,2,2,1,3,0,0,0,0,0,0,0,0,0,1,2,2025-05-27 04:48:57
13203,2025,COL.1,5480,316239,13,6,7,11,2,0,0,0,0,2,9,0,0,1,11,2025-05-27 04:48:58
13203,2025,COL.1,17374,316241,10,4,12,3,0,0,0,1,1,1,10,0,0,1,8,2025-05-27 04:49:04
13203,2025,COL.1,5486,316782,20,2,11,35,3,0,0,0,2,11,33,4,0,2,18,2025-05-27 04:49:00
13203,2025,COL.1,5481,317509,18,0,10,38,6,1,0,0,6,8,24,3,0,0,23,2025-05-27 04:49:01
13203,2025,COL.1,5480,318080,5,1,5,8,0,0,0,0,0,1,1,0,0,0,6,2025-05-27 04:48:58
13203,2025,COL.1,2690,318224,2,0,0,0,0,0,0,0,0,0,0,0,0,1,1,2025-05-27 04:49:01
13203,2025,COL.1,5480,319256,12,3,9,7,2,0,0,0,1,1,4,0,0,1,14,2025-05-27 04:48:58
13203,2025,COL.1,5486,320086,11,0,7,1,1,0,0,1,0,0,3,0,0,7,10,2025-05-27 04:49:00
13203,2025,COL.1,2672,322554,15,5,12,6,4,0,0,0,2,4,9,1,0,13,10,2025-05-27 04:48:59
13203,2025,COL.1,4815,322672,4,0,7,2,2,0,0,0,0,1,1,0,0,2,2,2025-05-27 04:48:57
13203,2025,COL.1,4928,322979,17,2,14,21,4,0,0,0,0,0,2,0,0,11,18,2025-05-27 04:49:01
13203,2025,COL.1,9761,322983,13,9,5,5,0,0,0,0,0,3,6,1,0,1,6,2025-05-27 04:48:57
13203,2025,COL.1,4815,322985,6,5,1,3,0,0,0,0,0,0,0,0,0,3,3,2025-05-27 04:48:57
13203,2025,COL.1,5489,322986,7,4,5,4,3,0,0,1,0,0,0,0,0,0,2,2025-05-27 04:48:59
13203,2025,COL.1,2919,323262,16,10,6,13,2,0,0,1,1,7,16,2,0,1,9,2025-05-27 04:49:03
13203,2025,COL.1,5486,323798,9,1,5,2,3,0,0,1,1,1,5,1,0,6,10,2025-05-27 04:49:00
13203,2025,COL.1,5484,324258,13,5,8,7,2,0,0,0,1,6,17,5,0,1,5,2025-05-27 04:49:03
13203,2025,COL.1,5486,324368,3,3,1,1,1,0,0,0,0,0,0,0,0,1,2,2025-05-27 04:49:00
13203,2025,COL.1,7915,324625,7,1,12,4,2,0,0,0,1,0,1,0,0,1,9,2025-05-27 04:49:03
13203,2025,COL.1,5485,324717,9,6,5,6,0,0,0,2,1,0,4,0,0,0,2,2025-05-27 04:49:00
13203,2025,COL.1,5480,326934,1,1,0,0,0,0,0,0,0,0,0,0,0,0,3,2025-05-27 04:48:58
13203,2025,COL.1,9762,327119,9,8,1,2,0,0,0,0,0,3,8,0,0,0,4,2025-05-27 04:49:04
13203,2025,COL.1,9762,327120,17,2,10,11,0,0,0,1,2,5,10,2,0,7,15,2025-05-27 04:49:04
13203,2025,COL.1,2690,328369,13,10,5,9,0,0,0,0,0,4,16,1,0,0,1,2025-05-27 04:49:01
13203,2025,COL.1,5481,329032,5,5,0,3,0,0,0,0,0,0,2,0,0,0,0,2025-05-27 04:49:01
13203,2025,COL.1,5485,330575,3,3,1,5,0,0,0,0,0,2,2,1,0,0,1,2025-05-27 04:49:00
13203,2025,COL.1,5484,331702,8,2,12,4,3,0,0,0,1,3,8,0,0,2,0,2025-05-27 04:49:03
13203,2025,COL.1,2690,333313,18,5,23,19,5,0,0,3,1,10,33,2,0,3,7,2025-05-27 04:49:01
13203,2025,COL.1,7445,333356,12,3,14,7,6,0,0,0,0,0,4,0,0,1,20,2025-05-27 04:49:02
13203,2025,COL.1,5486,334062,10,6,5,2,0,0,0,1,1,0,0,0,0,0,2,2025-05-27 04:49:00
13203,2025,COL.1,7445,334103,15,4,3,15,2,0,0,1,2,11,35,2,0,0,14,2025-05-27 04:49:02
13203,2025,COL.1,9762,334185,5,5,1,2,0,0,0,0,0,1,2,0,0,0,3,2025-05-27 04:49:04
13203,2025,COL.1,5486,334196,13,10,7,1,1,0,0,0,1,3,8,2,0,1,2,2025-05-27 04:49:00
13203,2025,COL.1,8109,334197,8,6,4,6,0,1,0,0,0,1,3,1,0,0,2,2025-05-27 04:48:57
13203,2025,COL.1,7915,334201,9,5,7,3,1,0,0,0,0,0,0,0,0,3,6,2025-05-27 04:49:03
13203,2025,COL.1,6137,334206,5,5,1,3,1,0,0,0,0,3,3,0,0,0,2,2025-05-27 04:48:59
13203,2025,COL.1,7915,334207,16,11,10,6,1,0,0,0,0,5,12,3,0,0,8,2025-05-27 04:49:03
13203,2025,COL.1,4815,334210,0,0,0,0,0,0,0,0,0,0,0,0,0,0,0,2025-05-27 04:48:57
13203,2025,COL.1,5485,335362,19,0,14,7,7,0,0,0,1,4,11,4,0,15,17,2025-05-27 04:49:00
13203,2025,COL.1,9761,335368,12,0,7,11,2,1,0,1,0,0,3,0,0,2,11,2025-05-27 04:48:57
13203,2025,COL.1,5486,336061,0,0,0,0,1,0,0,0,0,0,0,0,0,0,0,2025-05-27 04:49:00
13203,2025,COL.1,5264,336437,11,9,0,12,0,0,0,0,0,0,4,0,0,0,3,2025-05-27 04:48:58
13203,2025,COL.1,5264,336454,11,8,7,6,1,1,0,0,0,1,3,0,0,4,5,2025-05-27 04:48:58
13203,2025,COL.1,5489,336455,16,2,10,5,2,0,0,1,2,2,16,0,0,1,13,2025-05-27 04:48:59
13203,2025,COL.1,5264,336457,2,1,0,3,0,0,0,0,0,0,2,0,0,0,2,2025-05-27 04:48:58
13203,2025,COL.1,8109,336590,16,0,19,3,8,0,1,0,0,5,15,0,0,8,8,2025-05-27 04:48:57
13203,2025,COL.1,9761,336820,14,2,8,41,3,0,0,1,2,7,22,1,0,0,10,2025-05-27 04:48:57
13203,2025,COL.1,17374,339098,12,6,14,10,2,1,0,0,1,4,10,1,0,2,9,2025-05-27 04:49:04
13203,2025,COL.1,17374,339102,3,2,1,1,0,0,0,0,0,0,1,0,0,0,4,2025-05-27 04:49:04
13203,2025,COL.1,5486,340688,0,0,0,0,0,0,0,0,0,0,0,0,0,0,0,2025-05-27 04:49:00
13203,2025,COL.1,5264,341726,8,2,4,5,0,0,0,1,0,1,3,1,0,1,5,2025-05-27 04:48:58
13203,2025,COL.1,4815,341728,6,1,3,2,1,0,0,0,0,1,1,0,0,3,3,2025-05-27 04:48:57
13203,2025,COL.1,4928,341739,9,0,2,2,2,0,0,0,1,0,0,0,74,23,17,2025-05-27 04:49:01
13203,2025,COL.1,4815,341742,4,2,0,1,0,0,0,0,0,0,0,0,0,0,3,2025-05-27 04:48:57
13203,2025,COL.1,5481,341790,18,1,17,14,3,0,0,3,0,5,23,1,0,6,23,2025-05-27 04:49:01
13203,2025,COL.1,2919,344912,0,0,0,0,0,0,0,0,0,0,0,0,0,0,0,2025-05-27 04:49:03
13203,2025,COL.1,5481,345257,3,0,0,0,0,0,0,0,0,0,0,0,21,3,5,2025-05-27 04:49:01
13203,2025,COL.1,7445,345259,3,1,2,6,1,0,0,0,0,1,4,1,0,1,2,2025-02-12 05:45:36
13203,2025,COL.1,5486,345353,17,13,14,12,0,0,0,1,0,5,19,2,0,0,7,2025-05-27 04:49:00
13203,2025,COL.1,9762,345359,1,1,0,0,0,0,0,0,0,0,1,0,0,0,0,2025-05-27 04:49:04
13203,2025,COL.1,4928,345362,16,7,3,16,1,0,0,2,0,6,24,1,0,1,11,2025-05-27 04:49:01
13203,2025,COL.1,17374,345699,18,5,17,15,4,0,0,0,3,3,20,1,0,0,12,2025-05-27 04:49:04
13203,2025,COL.1,4928,345702,18,2,16,3,4,0,0,3,3,0,13,0,0,5,21,2025-05-27 04:49:01
13203,2025,COL.1,2672,351120,8,7,4,2,0,0,0,0,1,1,3,1,0,0,2,2025-05-27 04:48:59
13203,2025,COL.1,5485,352297,20,0,13,16,3,0,0,0,1,4,15,1,0,20,19,2025-05-27 04:49:00
13203,2025,COL.1,5480,353454,18,11,14,2,1,0,0,0,0,0,3,0,0,6,12,2025-05-27 04:48:58
13203,2025,COL.1,2690,355353,7,7,3,2,0,0,0,0,0,0,1,0,0,0,4,2025-05-27 04:49:01
13203,2025,COL.1,8109,356342,7,0,0,2,0,0,0,0,1,0,0,0,87,26,6,2025-05-27 04:48:57
13203,2025,COL.1,4815,357940,2,0,1,2,1,0,0,0,0,0,1,0,0,4,3,2025-05-27 04:48:57
13203,2025,COL.1,4815,357998,1,0,2,1,1,0,0,0,0,0,1,0,0,0,0,2025-05-27 04:48:57
13203,2025,COL.1,6137,358006,14,8,9,4,1,0,0,0,0,6,13,0,0,0,9,2025-05-27 04:48:59
13203,2025,COL.1,5481,358063,16,8,14,10,6,1,0,0,2,3,9,1,0,2,12,2025-05-27 04:49:01
13203,2025,COL.1,7445,358147,8,3,13,4,4,2,0,0,1,1,2,0,0,1,12,2025-05-27 04:49:02
13203,2025,COL.1,5484,358265,13,0,16,15,2,1,0,1,4,6,18,0,0,3,7,2025-05-27 04:49:03
13203,2025,COL.1,9762,358291,8,6,2,5,0,0,0,0,0,2,3,0,0,0,2,2025-05-27 04:49:04
13203,2025,COL.1,2919,358644,1,1,1,0,0,0,0,0,1,1,3,0,0,0,1,2025-05-27 04:49:03
13203,2025,COL.1,2672,358753,14,2,8,13,2,1,0,2,4,11,29,3,0,0,12,2025-05-27 04:48:59
13203,2025,COL.1,7915,359684,19,8,18,21,2,0,0,0,3,2,19,0,0,1,15,2025-05-27 04:49:03
13203,2025,COL.1,17374,359993,19,0,7,12,2,0,0,2,6,10,40,3,0,1,23,2025-05-27 04:49:04
13203,2025,COL.1,4815,360063,8,3,10,12,0,0,0,1,0,5,10,1,0,0,4,2025-05-27 04:48:57
13203,2025,COL.1,2672,360198,15,10,2,4,0,0,0,0,0,3,5,0,0,1,6,2025-05-27 04:48:59
13203,2025,COL.1,7445,360205,19,3,20,22,6,0,0,1,1,6,22,3,0,2,25,2025-05-27 04:49:02
13203,2025,COL.1,2690,360207,7,4,3,3,0,0,0,0,1,0,2,0,0,0,1,2025-05-27 04:49:01
13203,2025,COL.1,5486,360363,4,4,0,2,0,0,0,0,1,2,2,0,0,0,3,2025-05-27 04:49:00
13203,2025,COL.1,5486,361422,6,2,3,3,1,1,0,0,0,1,2,0,0,6,4,2025-05-27 04:49:00
13203,2025,COL.1,5484,362496,1,0,1,1,0,0,0,0,0,0,0,0,0,0,2,2025-05-27 04:49:03
13203,2025,COL.1,5489,362722,10,0,6,1,2,0,0,0,0,0,4,0,0,7,10,2025-05-27 04:48:59
13203,2025,COL.1,7915,362944,2,1,1,3,0,0,0,0,0,0,1,0,0,0,3,2025-05-27 04:49:03
13203,2025,COL.1,5488,364967,7,2,7,5,1,0,0,0,0,0,1,0,0,1,2,2025-05-27 04:49:02
13203,2025,COL.1,5481,365000,10,7,7,2,2,0,0,0,1,1,4,0,0,0,10,2025-05-27 04:49:01
13203,2025,COL.1,4815,365437,7,2,4,1,1,0,0,0,1,0,2,0,0,0,6,2025-05-27 04:48:57
13203,2025,COL.1,17374,365477,5,4,3,3,0,0,0,0,0,1,2,1,0,0,6,2025-05-27 04:49:04
13203,2025,COL.1,7445,365505,13,11,5,4,0,0,0,0,1,2,11,0,0,4,10,2025-05-27 04:49:02
13203,2025,COL.1,9762,365507,14,9,2,4,1,0,0,0,0,2,9,0,0,0,4,2025-05-27 04:49:04
13203,2025,COL.1,5484,365515,12,0,6,2,1,0,0,0,3,1,3,0,0,0,6,2025-05-27 04:49:03
13203,2025,COL.1,5485,365956,14,8,9,12,2,0,0,0,1,2,6,0,0,0,11,2025-05-27 04:49:00
13203,2025,COL.1,9761,366581,5,5,4,4,3,0,0,0,0,2,2,1,0,0,2,2025-05-27 04:48:57
13203,2025,COL.1,5480,366583,11,8,3,8,0,0,0,0,1,0,5,0,0,1,7,2025-05-27 04:48:58
13203,2025,COL.1,8109,366588,12,0,13,11,5,0,0,5,0,3,8,0,0,2,6,2025-05-27 04:48:57
13203,2025,COL.1,4928,366744,18,3,7,12,0,0,0,1,2,13,25,6,0,2,20,2025-05-27 04:49:01
13203,2025,COL.1,7915,366879,14,1,11,6,1,0,0,1,0,1,15,0,0,1,19,2025-05-27 04:49:03
13203,2025,COL.1,7915,367684,13,3,15,13,1,0,0,1,2,0,3,0,0,0,10,2025-05-27 04:49:03
13203,2025,COL.1,7445,369976,0,0,0,0,0,0,0,0,0,0,0,0,0,0,0,2025-05-27 04:49:02
13203,2025,COL.1,5484,370814,11,1,8,19,1,0,0,2,1,4,20,0,0,0,3,2025-05-27 04:49:03
13203,2025,COL.1,5264,371612,5,1,4,1,1,0,0,0,1,0,2,0,0,5,4,2025-05-27 04:48:58
13203,2025,COL.1,6137,372374,1,1,0,1,0,0,0,0,0,0,0,0,0,0,1,2025-05-27 04:48:59
13203,2025,COL.1,5485,375985,0,0,0,0,0,0,0,0,0,0,0,0,0,0,0,2025-05-27 04:49:00
13203,2025,COL.1,2672,377719,11,10,9,4,0,0,0,0,1,4,8,0,0,0,4,2025-05-27 04:48:59
13203,2025,COL.1,2672,377720,3,3,1,4,1,0,0,0,0,0,3,0,0,0,1,2025-05-27 04:48:59
13203,2025,COL.1,5489,377785,0,0,0,0,0,0,0,0,0,0,0,0,0,0,0,2025-05-27 04:48:59
13203,2025,COL.1,4815,378906,16,1,11,9,5,0,0,0,1,2,8,0,0,14,10,2025-05-27 04:48:57
13203,2025,COL.1,4928,378908,6,3,6,0,0,0,0,0,0,3,7,0,0,0,2,2025-05-27 04:49:01
13203,2025,COL.1,4928,378911,8,6,5,6,0,0,0,0,0,1,4,0,0,0,4,2025-05-27 04:49:01
13203,2025,COL.1,4928,378912,11,0,0,1,0,0,0,0,0,0,0,0,134,36,8,2025-05-27 04:49:01
13203,2025,COL.1,4928,378914,0,0,0,0,0,0,0,0,0,0,0,0,0,0,0,2025-05-27 04:49:01
13203,2025,COL.1,4928,378917,20,3,30,22,4,0,0,2,4,9,30,0,0,6,20,2025-05-27 04:49:01
13203,2025,COL.1,4928,378918,15,7,6,4,2,0,0,0,0,2,6,1,0,2,10,2025-05-27 04:49:01
13203,2025,COL.1,4928,378926,16,8,6,8,1,0,0,0,3,7,27,1,0,0,6,2025-05-27 04:49:01
13203,2025,COL.1,5486,379435,2,2,1,0,0,0,0,0,1,0,1,0,0,1,2,2025-05-27 04:49:00
13203,2025,COL.1,5486,379436,1,1,0,0,0,0,0,0,0,0,0,0,0,0,1,2025-05-27 04:49:00
13203,2025,COL.1,5486,379518,12,5,12,7,3,0,0,2,1,2,11,0,0,0,10,2025-05-27 04:49:00
13203,2025,COL.1,5481,379559,14,1,10,9,7,0,0,0,0,0,8,0,0,11,21,2025-05-27 04:49:01
13203,2025,COL.1,5480,379650,18,3,15,10,5,0,0,0,0,1,13,0,0,3,19,2025-05-27 04:48:58
13203,2025,COL.1,2919,379930,16,14,11,9,2,0,0,3,3,4,11,1,0,0,9,2025-05-27 04:49:03
13203,2025,COL.1,8109,380447,15,8,15,15,2,1,0,3,3,3,18,0,0,2,5,2025-05-27 04:48:57
13203,2025,COL.1,5486,380621,10,2,17,8,1,0,0,1,0,7,16,1,0,0,7,2025-05-27 04:49:00
13203,2025,COL.1,5489,381116,0,0,0,0,0,0,0,0,0,0,0,0,0,0,0,2025-05-27 04:48:59
13203,2025,COL.1,5489,381117,1,1,1,0,0,0,0,0,0,0,0,0,0,0,1,2025-05-27 04:48:59
13203,2025,COL.1,5485,381367,2,1,1,0,1,0,0,0,0,0,0,0,0,1,1,2025-05-27 04:49:00
13203,2025,COL.1,9762,381438,18,0,18,12,1,0,0,1,5,1,6,0,0,5,16,2025-05-27 04:49:04
13203,2025,COL.1,7445,381463,11,6,10,14,2,0,0,1,0,3,16,1,0,0,14,2025-05-27 04:49:02
13203,2025,COL.1,5481,382709,10,10,6,10,2,0,0,0,0,0,1,0,0,0,2,2025-05-27 04:49:01
13203,2025,COL.1,5484,382843,11,5,7,3,2,0,0,0,0,7,12,3,0,0,2,2025-05-27 04:49:03
13203,2025,COL.1,2690,383101,7,3,3,7,0,0,0,0,1,0,1,0,0,1,1,2025-05-27 04:49:01
13203,2025,COL.1,5480,384023,3,1,0,1,0,0,0,1,0,0,2,0,0,0,5,2025-05-27 04:48:58
13203,2025,COL.1,7445,384178,1,1,1,1,1,0,0,0,0,0,0,0,0,0,1,2025-05-27 04:49:02
13203,2025,COL.1,5481,384180,0,0,0,0,0,0,0,0,0,0,0,0,0,0,0,2025-05-27 04:49:01
13203,2025,COL.1,4928,384244,14,5,12,6,5,1,0,0,1,2,5,1,0,16,8,2025-05-27 04:49:01
13203,2025,COL.1,7445,384510,4,3,0,1,0,0,0,0,0,0,1,0,0,0,4,2025-05-27 04:49:02
13203,2025,COL.1,7445,384858,0,0,0,0,0,0,0,0,0,0,0,0,0,0,0,2025-05-27 04:49:02
13203,2025,COL.1,2672,385185,18,0,12,10,3,0,0,0,1,2,7,1,0,9,15,2025-05-27 04:48:59
13203,2025,COL.1,5481,386060,12,1,12,3,6,0,0,0,2,1,4,0,0,12,14,2025-05-27 04:49:01
13203,2025,COL.1,5484,387196,1,1,0,0,0,0,0,0,0,0,0,0,0,1,1,2025-05-27 04:49:03
13203,2025,COL.1,2919,387396,17,4,14,24,7,0,0,2,1,11,27,2,0,1,11,2025-05-27 04:49:03
13203,2025,COL.1,5481,387406,0,0,0,0,0,0,0,0,0,0,0,0,0,0,0,2025-05-27 04:49:01
13203,2025,COL.1,4815,387667,19,1,15,24,3,0,0,2,2,2,10,0,0,3,13,2025-05-27 04:48:57
13203,2025,COL.1,4815,388427,1,1,0,0,0,0,0,0,0,0,0,0,0,0,0,2025-05-27 04:48:57
13203,2025,COL.1,9761,388778,4,4,0,3,0,0,0,0,0,0,2,0,0,0,0,2025-05-27 04:48:57
13203,2025,COL.1,2672,390863,9,6,5,10,0,0,0,0,2,4,11,0,0,2,2,2025-05-27 04:48:59
13203,2025,COL.1,5481,391383,7,0,9,4,5,0,0,0,0,1,4,0,0,2,13,2025-05-27 04:49:01
13203,2025,COL.1,5481,392969,4,4,1,1,0,0,0,0,0,1,2,0,0,1,1,2025-05-27 04:49:01
13203,2025,COL.1,9761,393100,14,12,10,6,3,0,0,0,0,1,4,1,0,0,6,2025-05-27 04:48:57
13203,2025,COL.1,2672,393987,4,3,4,0,0,0,0,0,0,1,2,0,0,0,2,2025-05-27 04:48:59
13203,2025,COL.1,5481,394113,6,0,13,5,3,0,0,1,0,0,4,0,0,2,6,2025-05-27 04:49:01
13203,2025,COL.1,5488,394752,5,4,2,2,1,0,0,0,0,1,6,0,0,0,4,2025-05-27 04:49:02
13203,2025,COL.1,5481,395072,17,1,22,19,8,0,0,1,3,1,8,0,0,4,22,2025-05-27 04:49:01
13203,2025,COL.1,9761,395795,0,0,0,0,0,0,0,0,0,0,0,0,0,0,0,2025-05-27 04:48:57
13203,2025,COL.1,8109,395974,1,1,0,0,0,0,0,0,0,0,0,0,0,0,0,2025-05-27 04:48:57
13203,2025,COL.1,5264,396386,4,1,3,0,1,0,0,0,0,0,1,0,0,3,4,2025-05-27 04:48:58
13203,2025,COL.1,8109,397261,0,0,0,0,0,0,0,0,0,0,0,0,0,0,0,2025-05-27 04:48:57
13203,2025,COL.1,5264,397999,9,4,11,6,3,0,0,0,3,0,3,0,0,3,6,2025-05-27 04:48:58
13203,2025,COL.1,8109,398335,6,1,4,6,1,1,0,1,0,0,5,0,0,7,2,2025-05-27 04:48:57
13203,2025,COL.1,4815,398758,3,3,0,0,0,0,0,0,0,0,0,0,0,0,1,2025-05-27 04:48:57
13203,2025,COL.1,4815,398760,0,0,0,0,0,0,0,0,0,0,0,0,0,0,0,2025-05-27 04:48:57
13203,2025,COL.1,4815,398761,1,1,1,0,1,0,0,0,0,0,0,0,0,0,0,2025-05-27 04:48:57
13203,2025,COL.1,4815,398762,3,2,1,1,0,0,0,0,0,0,3,0,0,1,1,2025-05-27 04:48:57
13203,2025,COL.1,17374,398879,17,0,0,4,0,0,1,0,2,1,1,0,180,54,21,2025-05-27 04:49:04
13203,2025,COL.1,7915,398881,12,7,6,4,0,0,0,0,0,0,4,0,0,0,5,2025-05-27 04:49:03
13203,2025,COL.1,7915,398883,20,0,9,11,2,0,0,0,1,1,5,0,0,13,28,2025-05-27 04:49:03
13203,2025,COL.1,7915,398884,7,6,5,2,0,0,0,1,1,3,3,1,0,0,1,2025-05-27 04:49:03
13203,2025,COL.1,7915,398885,16,0,0,1,0,0,0,0,2,0,0,0,173,45,23,2025-05-27 04:49:03
13203,2025,COL.1,7915,398886,7,2,2,4,3,0,0,0,0,0,1,0,0,7,11,2025-05-27 04:49:03
13203,2025,COL.1,17374,398887,13,2,12,6,3,1,0,0,2,1,1,0,0,3,14,2025-05-27 04:49:04
13203,2025,COL.1,17374,398889,11,10,3,5,0,0,0,1,0,0,2,0,0,0,9,2025-05-27 04:49:04
13203,2025,COL.1,9761,398890,11,6,8,3,0,1,0,1,1,4,13,2,0,0,6,2025-05-27 04:48:57
13203,2025,COL.1,5480,399150,6,1,5,2,2,1,0,0,0,0,4,0,0,2,6,2025-05-27 04:48:58
13203,2025,COL.1,17374,399151,5,0,8,6,3,0,0,0,1,0,4,0,0,4,9,2025-05-27 04:49:04
13203,2025,COL.1,8109,399221,14,4,21,9,4,0,0,1,2,3,6,0,0,0,5,2025-05-27 04:48:57
13203,2025,COL.1,7915,399222,1,0,0,0,0,0,0,0,0,0,1,0,0,0,0,2025-05-27 04:49:03
13203,2025,COL.1,5264,399232,4,2,1,0,0,0,0,0,0,0,1,0,0,2,2,2025-05-27 04:48:58
13203,2025,COL.1,5264,399234,1,1,0,0,0,0,0,0,0,0,0,0,0,0,0,2025-05-27 04:48:58
13203,2025,COL.1,5488,399238,2,1,3,4,0,0,0,0,0,0,0,0,0,0,3,2025-05-27 04:49:02
13203,2025,COL.1,5486,399239,7,3,3,7,1,0,0,0,0,1,4,0,0,0,4,2025-05-27 04:49:00
13203,2025,COL.1,5480,399254,10,6,1,8,1,0,0,1,0,3,8,1,0,1,7,2025-05-27 04:48:58
13203,2025,COL.1,5480,399255,5,4,0,3,0,0,0,0,0,0,1,0,0,0,1,2025-05-27 04:48:58
13203,2025,COL.1,8109,399298,6,2,6,2,1,0,0,1,1,0,1,0,0,0,0,2025-05-27 04:48:57
13203,2025,COL.1,5486,399320,0,0,0,0,0,0,0,0,0,0,0,0,0,0,0,2025-05-27 04:49:00
13203,2025,COL.1,7445,399335,16,3,15,11,5,0,0,1,1,3,13,0,0,2,19,2025-05-27 04:49:02
13203,2025,COL.1,7445,399336,1,1,1,1,0,0,0,0,0,0,2,0,0,0,1,2025-05-27 04:49:02
13203,2025,COL.1,5489,399337,1,1,1,0,1,0,0,0,0,0,0,0,0,0,1,2025-05-27 04:48:59
13203,2025,COL.1,5485,399338,1,1,1,0,0,0,0,0,0,0,0,0,0,0,0,2025-05-27 04:49:00
13203,2025,COL.1,4928,399339,5,3,5,3,1,0,0,0,0,0,1,0,0,0,6,2025-05-27 04:49:01
13203,2025,COL.1,4928,399342,1,1,0,0,0,0,0,0,0,0,0,0,0,0,0,2025-05-27 04:49:01
13203,2025,COL.1,4928,399343,0,0,0,0,0,0,0,0,0,0,0,0,0,0,0,2025-05-27 04:49:01
13203,2025,COL.1,5481,399378,1,1,0,0,0,0,0,0,0,0,0,0,0,0,0,2025-05-27 04:49:01
13203,2025,COL.1,5481,399379,5,5,4,0,0,0,0,0,0,1,1,0,0,1,1,2025-05-27 04:49:01
13203,2025,COL.1,17374,399553,3,3,2,1,1,0,0,0,2,0,2,0,0,0,0,2025-05-27 04:49:04
13203,2025,COL.1,17374,399555,5,5,1,2,0,0,0,0,0,1,1,0,0,0,3,2025-05-27 04:49:04
13203,2025,COL.1,17374,399557,8,8,3,2,1,0,0,1,0,1,3,0,0,0,4,2025-05-27 04:49:04
13203,2025,COL.1,17374,399559,6,1,7,2,0,0,0,0,0,1,4,1,0,0,3,2025-05-27 04:49:04
13203,2025,COL.1,8109,399635,1,1,0,0,0,0,0,0,0,0,0,0,0,0,0,2025-05-27 04:48:57
13203,2025,COL.1,2672,399817,1,1,1,0,0,0,0,0,0,0,1,0,0,0,0,2025-05-27 04:48:59
13203,2025,COL.1,5264,400074,0,0,0,0,0,0,0,0,0,0,0,0,0,0,0,2025-05-27 04:48:58
13203,2025,COL.1,7915,400102,2,0,0,0,0,0,0,0,0,0,0,0,11,8,2,2025-05-27 04:49:03
13203,2025,COL.1,5481,400210,14,8,5,12,2,0,0,1,1,2,11,0,0,0,9,2025-05-27 04:49:01
13203,2025,COL.1,7445,400211,9,0,10,2,3,0,0,0,0,0,3,0,0,5,16,2025-05-27 04:49:02
13203,2025,COL.1,5481,400212,3,2,2,3,1,0,0,0,0,0,0,0,0,0,1,2025-05-27 04:49:01
13203,2025,COL.1,5488,400309,1,0,0,0,0,0,0,0,0,0,0,0,0,1,6,2025-05-27 04:49:02
13203,2025,COL.1,9761,401095,1,1,1,0,0,0,0,0,0,0,0,0,0,0,0,2025-05-27 04:48:57
13203,2025,COL.1,2919,401096,0,0,0,0,0,0,0,0,0,0,0,0,0,0,0,2025-05-27 04:49:03
13203,2025,COL.1,5481,401303,7,0,10,2,3,0,0,0,0,0,2,0,0,3,10,2025-05-27 04:49:01
13203,2025,COL.1,5486,401304,1,1,1,0,0,0,0,0,0,0,0,0,0,0,0,2025-05-27 04:49:00
13203,2025,COL.1,5485,401315,0,0,0,0,0,0,0,0,0,0,0,0,0,0,0,2025-05-27 04:49:00
13203,2025,COL.1,5481,401593,4,4,2,0,0,0,0,0,0,0,0,0,0,0,0,2025-05-27 04:49:01
13203,2025,COL.1,5484,402325,3,2,0,0,0,0,0,0,0,1,2,0,0,0,0,2025-05-27 04:49:03
13203,2025,COL.1,5488,402561,1,1,0,0,0,0,0,0,0,0,0,0,0,0,2,2025-05-27 04:49:02
13203,2025,COL.1,5481,402843,8,2,14,19,2,0,0,0,1,2,9,2,0,1,6,2025-05-27 04:49:01
13203,2025,COL.1,7445,403072,5,3,5,1,1,0,0,0,0,0,0,0,0,0,6,2025-05-27 04:49:02
13203,2025,COL.1,7445,403073,1,1,0,0,0,0,0,0,0,0,1,0,0,1,3,2025-05-27 04:49:02
13203,2025,COL.1,5480,403074,1,1,1,1,0,0,0,0,0,0,1,0,0,0,1,2025-05-27 04:48:58
13203,2025,COL.1,5481,403129,1,1,0,0,0,0,0,0,0,0,0,0,0,0,0,2025-05-27 04:49:01
13203,2025,COL.1,5481,403130,1,1,0,0,0,0,0,0,0,0,0,0,0,0,0,2025-05-27 04:49:01
13203,2025,COL.1,8109,403315,0,0,0,0,0,0,0,0,0,0,0,0,0,0,0,2025-05-27 04:48:57
13203,2025,COL.1,8109,403316,0,0,0,0,0,0,0,0,0,0,0,0,0,0,0,2025-05-27 04:48:57
13203,2025,COL.1,17374,403334,3,1,1,0,0,0,0,0,0,0,0,0,0,1,3,2025-05-27 04:49:04
13203,2025,COL.1,17374,403393,1,1,0,0,0,0,0,0,0,0,1,0,0,0,1,2025-05-27 04:49:04
13203,2025,COL.1,2690,403398,1,1,0,0,0,0,0,0,0,0,0,0,0,0,1,2025-05-27 04:49:01
13203,2025,COL.1,2690,403399,2,2,2,0,1,0,0,0,1,0,0,0,0,0,3,2025-05-27 04:49:01
13203,2025,COL.1,5481,403422,1,1,1,0,0,0,0,0,0,0,0,0,0,0,0,2025-05-27 04:49:01
13203,2025,COL.1,7445,403424,0,0,0,0,0,0,0,0,0,0,0,0,0,0,0,2025-05-27 04:49:02
13203,2025,COL.1,5488,403427,0,0,0,0,0,0,0,0,0,0,0,0,0,0,0,2025-05-27 04:49:02
13203,2025,COL.1,9761,403441,2,2,0,0,0,0,0,0,0,0,0,0,0,0,0,2025-05-27 04:48:57
13203,2025,COL.1,2690,403500,2,2,0,0,0,0,0,0,0,1,2,0,0,0,2,2025-05-27 04:49:01
13203,2025,COL.1,7445,403569,1,0,0,0,0,0,0,0,0,0,0,0,0,0,4,2025-05-27 04:49:02
13203,2025,COL.1,7445,403570,2,0,2,3,1,0,0,0,0,0,2,0,0,0,6,2025-05-27 04:49:02
